[
    {
        "name": "自然语言处理与深度学习",
        "url": "https://zhuanlan.zhihu.com/godweiyang",
        "title": "访问主页",
        "introduction": "我的知乎专栏，欢迎大家关注",
        "avatar": "/medias/avatars/myzhihu.png"
    },{
        "name": "AntNLP",
        "url": "https://antnlp.org",
        "title": "访问主页",
        "introduction": "华东师范大学自然语言处理实验室欢迎您的加入！",
        "avatar": "/medias/avatars/antnlp.ico"
    }
]